Start SB,End SB,Number,Parent Path,Path
FDH,SV-1142A1-1,0,,
FDH,SV-1142A3-1,1,,
SV-1142A3-1,SB-1142A3-1,2,FDH,{0}
SB-1142A3-1,SB-1142A3-2,3,{0;0;0;0},{0;0;0;0;0}
SB-1142A3-2,SB-1142A3-3,4,{0;0;0;0;0},{0;0;0;0;0;0}
SB-1142A3-3,SB-1142A3-7,5,{0;0;0;0;0;0},{0;0;0;0;0;0;0}
SB-1142A3-7,SB-1142A3-8,6,{0;0;0;0;0;0;0},{0;0;0;0;0;0;0;0}
SB-1142A3-8,SB-1142A3-9,7,{0;0;0;0;0;0;0;0},{0;0;0;0;0;0;0;0;0}
SB-1142A3-9,SB-1142A3-13,8,{0;0;0;0;0;0;0;0;0},{0;0;0;0;0;0;0;0;0;0}
SB-1142A3-13,SB-1142A3-14,9,{0;0;0;0;0;0;0;0;0;0},{0;0;0;0;0;0;0;0;0;0;0}
SB-1142A3-9,SB-1142A3-10,10,{0;0;0;0;0;0;0;0;0},{0;0;0;0;0;0;0;0;0;1}
SB-1142A3-10,SB-1142A3-11,11,{0;0;0;0;0;0;0;0;0;1},{0;0;0;0;0;0;0;0;0;1;0}
SB-1142A3-11,SB-1142A3-12,12,{0;0;0;0;0;0;0;0;0;1;0},{0;0;0;0;0;0;0;0;0;1;0;0}
SV-1142A3-1,SB-1142A3-4,13,FDH,{1}
SB-1142A3-4,SB-1142A3-5,14,{0;0;0;1},{0;0;0;1;0}
SB-1142A3-5,SB-1142A3-6,15,{0;0;0;1;0},{0;0;0;1;0;0}
SB-1142A3-6,PED-15,16,{0;0;0;1;0;0},{0;0;0;1;0;0;0}
PED-15,SB-1142A3-16,17,{0;0;0;1;0;0;0},{0;0;0;1;0;0;0;0}
SB-1142A3-16,SB-1142A3-17,18,{0;0;0;1;0;0;0;0},{0;0;0;1;0;0;0;0;0}
SB-1142A3-17,SB-1142A3-18,19,{0;0;0;1;0;0;0;0;0},{0;0;0;1;0;0;0;0;0;0}
SB-1142A3-18,SB-1142A3-19,20,{0;0;0;1;0;0;0;0;0;0},{0;0;0;1;0;0;0;0;0;0;0}
SB-1142A3-17,PED 20,21,{0;0;0;1;0;0;0;0;0},{0;0;0;1;0;0;0;0;0;1}
PED 20,SB-1142A3-38,22,{0;0;0;1;0;0;0;0;0;1},{0;0;0;1;0;0;0;0;0;1;0}
SV-1142A3-1,SB-1142A3-21,23,FDH,{2}
SB-1142A3-21,SB-1142A3-22,24,{0;0;0;2},{0;0;0;2;0}
SB-1142A3-22,SB-1142A3-23,25,{0;0;0;2;0},{0;0;0;2;0;0}
SB-1142A3-23,SB-1142A3-24,26,{0;0;0;2;0;0},{0;0;0;2;0;0;0}
SB-1142A3-24,SB-1142A3-25,27,{0;0;0;2;0;0;0},{0;0;0;2;0;0;0;0}
SB-1142A3-25,SB-1142A3-27,28,{0;0;0;2;0;0;0;0},{0;0;0;2;0;0;0;0;0}
SB-1142A3-27,PED-28,29,{0;0;0;2;0;0;0;0;0},{0;0;0;2;0;0;0;0;0;0}
PED-29,PED-31,30,{0;0;0;2;0;0;0;0;0;0},{0;0;0;2;0;0;0;0;0;0;0}
PED-31,PED-33,31,{0;0;0;2;0;0;0;0;0;0;0},{0;0;0;2;0;0;0;0;0;0;0;0}
PED-33,PED-35,32,{0;0;0;2;0;0;0;0;0;0;0;0},{0;0;0;2;0;0;0;0;0;0;0;0;0}
PED-35,SB-1142A3-36,33,{0;0;0;2;0;0;0;0;0;0;0;0;0},{0;0;0;2;0;0;0;0;0;0;0;0;0;0}
SB-1142A3-36,SB-1142A3-37,34,{0;0;0;2;0;0;0;0;0;0;0;0;0;0},{0;0;0;2;0;0;0;0;0;0;0;0;0;0;0}
PED-33,PED-34,35,{0;0;0;2;0;0;0;0;0;0;0;0},{0;0;0;2;0;0;0;0;0;0;0;0;1}
PED-31,PED-32,36,{0;0;0;2;0;0;0;0;0;0;0},{0;0;0;2;0;0;0;0;0;0;0;1}
PED-28,PED-29,38,{0;0;0;2;0;0;0;0;0;1},{0;0;0;2;0;0;0;0;0;1;0}
SB-1142A3-25,SB-1142A3-26,39,{0;0;0;2;0;0;0;0},{0;0;0;2;0;0;0;0;1}
SV-1142A1-1,SB-1142A1-1,40,FDH,{3}
SB-1142A1-1,SB-1142A1-2,41,{0;0;0;3},{0;0;0;3;0}
SB-1142A1-2,SB-1142A1-7,42,{0;0;0;3;0},{0;0;0;3;0;0}
SB-1142A1-7,SB-1142A1-8,43,{0;0;0;3;0;0},{0;0;0;3;0;0;0}
SB-1142A1-7,SB-1142A1-9,44,{0;0;0;3;0;0},{0;0;0;3;0;0;1}
SB-1142A1-9,SB-1142A1-10,45,{0;0;0;3;0;0;1},{0;0;0;3;0;0;1;0}
SB-1142A1-2,SB-1142A1-3,46,{0;0;0;3;0},{0;0;0;3;0;1}
SB-1142A1-3,SB-1142A1-5,47,{0;0;0;3;0;1},{0;0;0;3;0;1;0}
SB-1142A1-5,SB-1142A1-6,48,{0;0;0;3;0;1;0},{0;0;0;3;0;1;0;0}
SB-1142A1-3,SB-1142A1-4,49,{0;0;0;3;0;1},{0;0;0;3;0;1;1}
